﻿<?xml version="1.0" encoding="utf-8"?>
<s:Envelope xmlns:s="http://www.w3.org/2003/05/soap-envelope" xmlns:a="http://www.w3.org/2005/08/addressing" xmlns:u="http://docs.oasis-open.org/wss/2004/01/oasis-200401-wss-wssecurity-utility-1.0.xsd">
  <s:Header>
    <a:Action s:mustUnderstand="1">http://www.microsoft.com/SoftwareDistribution/Server/ClientWebService/GetExtendedUpdateInfo2Response</a:Action>
    <a:RelatesTo>urn:uuid:a68d4c75-ab85-4ca8-87db-136d281a2e28</a:RelatesTo>
    <o:Security s:mustUnderstand="1" xmlns:o="http://docs.oasis-open.org/wss/2004/01/oasis-200401-wss-wssecurity-secext-1.0.xsd">
      <u:Timestamp u:Id="_0">
        <u:Created>2021-08-30T14:55:53.639Z</u:Created>
        <u:Expires>2021-08-30T15:00:53.639Z</u:Expires>
      </u:Timestamp>
    </o:Security>
  </s:Header>
  <s:Body xmlns:xsi="http://www.w3.org/2001/XMLSchema-instance" xmlns:xsd="http://www.w3.org/2001/XMLSchema">
    <GetExtendedUpdateInfo2Response xmlns="http://www.microsoft.com/SoftwareDistribution/Server/ClientWebService">
      <GetExtendedUpdateInfo2Result>
        <FileLocations>
          <FileLocation>
            <FileDigest>TCLhCPSjoL3041SQHBz38ZzNXlw=</FileDigest>
            <Url>http://tlu.dl.delivery.mp.microsoft.com/filestreamingservice/files/6f1053b7-f959-4d8f-b492-1f5808abf848?P1=1630344694&amp;P2=404&amp;P3=2&amp;P4=Wc6AsklB5CDfz6KWOqbl4ofOZ%2fq4wP2thDX60U6wNqAkwihvaJGnivvPDRBVjuBJCKD8N394cDEwTeoWcMjsiA%3d%3d</Url>
          </FileLocation>
          <FileLocation>
            <FileDigest>wnKmuo2ZKh7hLQsVjAa3IrSVfWU=</FileDigest>
            <Url>http://dl.delivery.mp.microsoft.com/filestreamingservice/files/b5014463-f9c5-4bc6-a8de-27de57e64682</Url>
          </FileLocation>
        </FileLocations>
      </GetExtendedUpdateInfo2Result>
    </GetExtendedUpdateInfo2Response>
  </s:Body>
</s:Envelope>